2013;10;10;0;15;8;где купить говорящего хомяка игрушку;239285280;1722737033;4;0;0,00;105,80;84,60;50,60;28,40;15,00
2013;10;10;0;15;8;куплю хомяка повторюшку;239285282;1722737035;184;15;8,15;47,80;35,60;29,30;13,10;15,00
2013;10;10;0;15;8;хомяк повторюшка москва;239285285;1722737037;16;0;0,00;38,20;27,60;25,50;10,10;15,00
2013;10;10;0;15;8;интерактивный хомяк повторюшка купить;239285288;1722737039;0;0;0,00;75,80;43,70;44,80;16,00;15,00
2013;10;10;0;15;8;mimicry pet hamster;239285291;1722737041;2;0;0,00;3,90;3,90;59,50;0,30;15,00
2013;10;10;0;15;8;говорящий хомяк woodyotime;239285294;1722737043;14;1;7,14;48,60;28,20;35,10;14,40;15,00
2013;10;10;0;15;8;говорящий хомяк woodyotime оригинал;239285294;1722737044;3;0;0,00;41,20;24,00;35,10;17,20;15,00
2013;10;10;0;15;8;Разговаривающий Хомяк;239285297;1722737046;14;2;14,29;7,70;4,80;4,10;1,20;15,00
2013;10;10;0;15;8;разговаривающий хомяк игрушка;239285300;1722737048;4;0;0,00;11,70;8,10;12,50;3,70;15,00
2013;10;10;0;15;8;mimicry pet;239285303;1722737049;8;2;25,00;3,80;3,80;73,80;0,30;15,00
2013;10;10;0;15;8;mimicry pet hamster купить;239285303;1722737050;0;0;0,00;3,50;3,50;15,30;0,30;15,00
2013;10;10;0;15;8;mimicry pet toys;239285303;1722737056;0;0;0,00;4,20;4,20;59,50;0,30;15,00
2013;10;10;0;15;8;mimicry pet купить;239285303;1722737053;1;0;0,00;3,80;3,80;15,30;0,40;15,00
2013;10;10;0;15;8;говорящий хомяк mimicry;239285303;1722737055;0;0;0,00;47,10;18,50;35,10;11,40;15,00
2013;10;10;0;15;8;говорящий хомяк mimicry pet;239285303;1722737051;0;0;0,00;45,30;18,30;26,20;11,30;15,00
2013;10;10;0;15;8;хомяк mimicry;239285303;1722737052;3;1;33,33;6,70;3,50;2,60;0,30;15,00
2013;10;10;0;15;8;интерактивный говорящий хомяк;239285307;1722737065;2;0;0,00;35,90;21,30;35,10;12,30;15,00
2013;10;10;0;15;8;говорящий хомяк повторюша;239285309;1722737067;0;0;0,00;28,80;23,80;35,10;11,40;15,00
2013;10;10;0;15;8;куплю говорящего хомяка игрушку;239285311;1722737069;7;0;0,00;76,00;76,00;50,60;30,40;15,00
2013;10;10;0;15;8;купить интерактивная игрушка хомяк;239285314;1722737071;1;0;0,00;19,50;19,50;26,00;8,50;15,00
2013;10;10;0;15;8;интерактивная игрушка хомяк;239285317;1722737073;7;0;0,00;15,70;15,70;17,30;5,90;15,00
2013;10;10;0;15;8;хомяк повторюшка купить +в москве;239285320;1722737075;20;3;15,00;53,90;53,30;28,30;15,60;15,00
2013;10;10;0;15;8;разговаривающий хомяк купить;239285323;1722737077;12;4;33,33;9,70;4,80;3,90;1,10;15,00
2013;10;10;0;15;8;где можно купить говорящего хомяка;239285325;1722737078;2;0;0,00;84,70;78,90;50,60;32,70;15,00
2013;10;10;0;15;8;хомяк повторюшка интернет магазин;239285327;1722737080;0;0;0,00;38,70;23,50;25,50;7,40;15,00
2013;10;10;0;15;8;игрушка говорящий хомяк woodyotime;239285330;1722737082;0;0;0,00;46,00;41,60;58,50;20,10;15,00
2013;10;10;0;15;8;хомяк повторюшка говорящий хомяк игрушка;239285333;1722737084;1;0;0,00;50,10;47,20;39,50;16,70;15,00
2013;10;10;0;15;8;игрушка говорящий хомяк повторюшка купить;239285336;1722737086;0;0;0,00;68,90;54,80;55,20;22,10;15,00
2013;10;10;0;15;8;хомяк повторюшка оригинал;239285339;1722737087;5;0;0,00;26,50;15,50;25,50;8,90;15,00
2013;10;10;0;15;8;говорящий хомяк игрушка купить москва;239285340;1722737090;1;0;0,00;69,70;55,80;50,60;20,60;15,00
2013;10;10;0;15;8;игрушка говорящий хомяк купить;239285340;1722737089;4;0;0,00;64,20;64,20;50,60;30,40;15,00
2013;10;10;0;15;8;где купить говорящего хомяка;239285343;1722737092;10;0;0,00;112,90;93,90;50,60;31,30;15,00
2013;10;10;0;15;8;говорящий хомяк оригинал купить;239285346;1722737094;0;0;0,00;66,70;50,00;42,00;16,30;15,00
2013;10;10;0;15;8;говорящий хомяк повторюшка цена;239285349;1722737096;3;1;33,33;44,80;30,10;35,10;10,60;15,00
2013;10;10;0;15;8;интерактивный хомяк купить;239285352;1722737097;4;2;50,00;12,30;8,70;10,20;3,70;15,00
2013;10;10;0;15;8;mimicry hamster;239285355;1722737099;2;0;0,00;3,80;3,80;2,60;0,30;15,00
2013;10;10;0;15;8;купить говорящего хомяка дешево;239285357;1722737138;3;0;0,00;68,80;68,80;52,10;37,10;15,00
2013;10;10;0;15;8;говорящий хомяк купить +в москве;239285360;1722737140;98;7;7,14;64,90;44,50;43,50;27,10;15,00
2013;10;10;0;15;8;игрушка повторюшка хомяк цена;239285363;1722737142;0;0;0,00;49,90;38,30;25,20;9,40;15,00
2013;10;10;0;15;8;интерактивная игрушка говорящий хомяк;239285366;1722737144;7;1;14,29;51,10;48,40;58,50;21,10;15,00
2013;10;10;0;15;8;где можно купить хомяка повторюшку;239285369;1722737146;0;0;0,00;45,80;27,20;20,40;13,50;15,00
2013;10;10;0;15;8;говорящий хомяк woodyotime купить;239285371;1722737147;3;1;33,33;70,20;53,30;50,60;13,30;15,00
2013;10;10;0;15;8;Интерактивный Хомяк;239285374;1722737149;21;1;4,76;11,00;11,00;10,20;3,10;15,00
2013;10;10;0;15;8;хомячок повторюшка купить;239285376;1722737151;4;0;0,00;43,40;43,40;25,50;13,20;15,00
2013;10;10;0;15;8;игрушка говорящий хомяк цена;239285379;1722737153;1;0;0,00;65,70;61,40;42,30;19,40;15,00
2013;10;10;0;15;8;хомяк повторюшка цена;239285382;1722737155;9;1;11,11;35,40;25,00;25,70;8,30;15,00
2013;10;10;0;15;8;хомяк повторюшка woodyotime;239285385;1722737157;0;0;0,00;23,80;23,80;20,40;6,30;15,00
2013;10;10;0;15;8;купить говорящего хомяка +в магазине;239285388;1722737159;1;0;0,00;91,60;80,60;124,60;41,20;15,00
2013;10;10;0;15;8;игрушка повторюшка хомяк купить;239285390;1722737160;0;0;0,00;42,60;42,60;30,60;15,40;15,00
2013;10;10;0;15;8;купить говорящего хомяка цена;239285392;1722737162;1;0;0,00;86,70;68,60;50,60;29,00;15,00
2013;10;10;0;15;8;хомяк повторюша купить;239285395;1722737164;0;0;0,00;9,20;4,30;8,90;1,70;15,00
2013;10;10;0;15;8;говорящий хомяк повторюшка купить;239285398;1722737166;1;0;0,00;101,50;61,50;42,00;21,90;15,00
2013;10;10;0;15;8;хомяк повторюшка купить +в магазине;239285401;1722737168;1;0;0,00;33,10;26,20;47,30;13,60;15,00
2013;10;10;0;15;8;игрушка говорящий хомяк;239285404;1722737170;34;1;2,94;43,30;43,30;39,50;21,80;15,00
2013;10;10;0;15;8;говорящий хомячок купить;239285407;1722737173;10;2;20,00;33,50;33,50;28,30;7,00;15,00
2013;10;10;0;15;8;Говорящий Хомячок;239285407;1722737174;20;1;5,00;32,30;32,30;22,90;6,50;15,00
2013;10;10;0;15;8;говорящий хомячок повторюшка;239285407;1722737172;7;0;0,00;33,60;29,30;32,10;12,00;15,00
2013;10;10;0;15;8;игрушка повторюшка хомяк;239285410;1722737176;20;1;5,00;42,90;42,90;25,50;15,40;15,00
2013;10;10;0;15;8;где купить хомяка повторюшку;239285412;1722737177;3;0;0,00;51,20;34,90;20,40;15,00;15,00
2013;10;10;0;15;8;Повторюша Хомяк;239285414;1722737179;2;1;50,00;10,00;5,50;8,90;1,10;15,00
2013;10;10;0;15;8;интерактивный хомяк повторюшка;239285417;1722737181;4;0;0,00;25,90;25,90;25,50;16,30;15,00
2013;10;10;0;15;8;интерактивная игрушка woodyotime говорящий хомяк;239285420;1722737183;0;0;0,00;52,70;44,80;58,50;32,30;15,00
2013;10;10;0;15;8;интерактивная игрушка хомяк повторюшка;239285423;1722737185;1;0;0,00;53,40;38,80;25,50;13,70;15,00
2013;10;10;0;15;8;купить интерактивную игрушку говорящий хомяк;239285426;1722737187;0;0;0,00;60,30;45,90;50,60;26,70;15,00
2013;10;10;0;15;8;купить интерактивного говорящего хомяка;239285428;1722737188;0;0;0,00;87,00;70,70;50,60;17,90;15,00
2013;10;10;0;15;8;Интерактивный Хомячок;239285430;1722737190;11;0;0,00;8,40;8,40;25,70;1,90;15,00
2013;10;10;0;15;8;интерактивная игрушка говорящий хомяк;239285433;1722737192;1;0;0,00;51,10;49,90;58,50;27,70;15,00
2013;10;10;0;15;8;хомяк повторюшка woody o time;239285436;1722737194;14;1;7,14;38,70;20,40;16,60;6,60;15,00
2013;10;10;0;15;8;говорящий хомяк москва;239285439;1722737196;24;0;0,00;51,80;51,80;50,90;18,20;15,00
2013;10;10;0;15;8;куплю говорящего хомяка;239285443;1722737237;68;4;5,88;82,80;82,80;50,60;29,80;15,00
2013;10;10;0;15;8;говорящий хомяк игрушка москва;239285445;1722737239;0;0;0,00;46,60;46,60;58,50;13,90;15,00
2013;10;10;0;15;8;говорящий хомяк интернет магазин;239285447;1722737242;15;2;13,33;33,40;23,00;26,20;10,90;15,00
2013;10;10;0;15;8;говорящий хомяк купить интернет магазин;239285447;1722737243;1;0;0,00;62,60;62,60;50,60;21,40;15,00
2013;10;10;0;15;8;магазин говорящий хомяк;239285447;1722737241;4;0;0,00;41,00;28,00;39,70;14,20;15,00
2013;10;10;0;15;8;говорящий хомяк купить недорого;239285450;1722737245;1;0;0,00;68,40;58,70;42,30;18,80;15,00
2013;10;10;0;15;8;игрушка хомячок говорящий;239285453;1722737247;3;0;0,00;45,80;26,90;22,40;5,90;15,00
2013;10;10;0;15;8;говорящий хомяк цена;239285456;1722737250;28;0;0,00;74,00;60,90;38,40;20,00;15,00
2013;10;10;0;15;8;говорящий хомяк цена москва;239285456;1722737249;2;0;0,00;53,20;50,60;38,40;13,40;15,00
2013;10;10;0;15;8;Разговаривающий Хомячок;239285460;1722737252;0;0;0,00;5,90;5,90;7,70;0,30;15,00
2013;10;10;0;15;16;где купить говорящего хомяка игрушку;239285280;1722737033;4;0;0,00;105,30;84,60;50,60;28,40;15,00
2013;10;10;0;15;16;куплю хомяка повторюшку;239285282;1722737035;184;15;8,15;47,80;35,60;29,30;13,10;15,00
2013;10;10;0;15;16;хомяк повторюшка москва;239285285;1722737037;16;0;0,00;38,20;27,60;25,50;10,10;15,00
2013;10;10;0;15;16;интерактивный хомяк повторюшка купить;239285288;1722737039;0;0;0,00;75,80;43,70;44,80;16,00;15,00
2013;10;10;0;15;16;mimicry pet hamster;239285291;1722737041;2;0;0,00;3,90;3,90;59,50;0,30;15,00
2013;10;10;0;15;16;говорящий хомяк woodyotime;239285294;1722737043;14;1;7,14;48,60;28,20;35,10;14,40;15,00
2013;10;10;0;15;16;говорящий хомяк woodyotime оригинал;239285294;1722737044;3;0;0,00;41,20;24,00;35,10;17,20;15,00
2013;10;10;0;15;16;Разговаривающий Хомяк;239285297;1722737046;14;2;14,29;7,70;4,80;4,10;1,20;15,00
2013;10;10;0;15;16;разговаривающий хомяк игрушка;239285300;1722737048;4;0;0,00;11,70;8,10;12,50;3,70;15,00
2013;10;10;0;15;16;mimicry pet;239285303;1722737049;8;2;25,00;3,80;3,80;73,80;0,30;15,00
2013;10;10;0;15;16;mimicry pet hamster купить;239285303;1722737050;0;0;0,00;3,50;3,50;15,30;0,30;15,00
2013;10;10;0;15;16;mimicry pet toys;239285303;1722737056;0;0;0,00;4,20;4,20;59,50;0,30;15,00
2013;10;10;0;15;16;mimicry pet купить;239285303;1722737053;1;0;0,00;3,80;3,80;15,30;0,40;15,00
2013;10;10;0;15;16;говорящий хомяк mimicry;239285303;1722737055;0;0;0,00;47,30;18,50;35,10;10,90;15,00
2013;10;10;0;15;16;говорящий хомяк mimicry pet;239285303;1722737051;0;0;0,00;46,60;18,30;26,20;10,90;15,00
2013;10;10;0;15;16;хомяк mimicry;239285303;1722737052;3;1;33,33;6,70;3,50;2,60;0,30;15,00
2013;10;10;0;15;16;интерактивный говорящий хомяк;239285307;1722737065;2;0;0,00;35,90;21,40;35,10;12,30;15,00
2013;10;10;0;15;16;говорящий хомяк повторюша;239285309;1722737067;0;0;0,00;28,80;23,80;35,10;11,40;15,00
2013;10;10;0;15;16;куплю говорящего хомяка игрушку;239285311;1722737069;7;0;0,00;76,30;76,30;50,60;30,40;15,00
2013;10;10;0;15;16;купить интерактивная игрушка хомяк;239285314;1722737071;1;0;0,00;19,50;19,50;26,00;8,50;15,00
2013;10;10;0;15;16;интерактивная игрушка хомяк;239285317;1722737073;7;0;0,00;15,70;15,70;17,30;5,80;15,00
2013;10;10;0;15;16;хомяк повторюшка купить +в москве;239285320;1722737075;20;3;15,00;53,90;53,30;28,30;15,60;15,00
2013;10;10;0;15;16;разговаривающий хомяк купить;239285323;1722737077;12;4;33,33;9,70;4,80;3,90;1,10;15,00
2013;10;10;0;15;16;где можно купить говорящего хомяка;239285325;1722737078;2;0;0,00;84,70;78,90;50,60;32,70;15,00
2013;10;10;0;15;16;хомяк повторюшка интернет магазин;239285327;1722737080;0;0;0,00;38,40;23,50;25,50;7,40;15,00
2013;10;10;0;15;16;игрушка говорящий хомяк woodyotime;239285330;1722737082;0;0;0,00;46,00;41,60;58,50;20,10;15,00
2013;10;10;0;15;16;хомяк повторюшка говорящий хомяк игрушка;239285333;1722737084;1;0;0,00;50,40;47,20;39,50;16,70;15,00
2013;10;10;0;15;16;игрушка говорящий хомяк повторюшка купить;239285336;1722737086;0;0;0,00;68,90;54,80;55,20;22,10;15,00
2013;10;10;0;15;16;хомяк повторюшка оригинал;239285339;1722737087;5;0;0,00;26,50;15,50;25,50;8,90;15,00
2013;10;10;0;15;16;говорящий хомяк игрушка купить москва;239285340;1722737090;1;0;0,00;69,70;55,80;50,60;20,60;15,00
2013;10;10;0;15;16;игрушка говорящий хомяк купить;239285340;1722737089;4;0;0,00;64,20;64,20;50,60;30,40;15,00
2013;10;10;0;15;16;где купить говорящего хомяка;239285343;1722737092;10;0;0,00;111,90;93,90;50,60;31,30;15,00
2013;10;10;0;15;16;говорящий хомяк оригинал купить;239285346;1722737094;0;0;0,00;66,20;50,00;42,00;16,30;15,00
2013;10;10;0;15;16;говорящий хомяк повторюшка цена;239285349;1722737096;3;1;33,33;44,80;30,10;35,10;10,60;15,00
2013;10;10;0;15;16;интерактивный хомяк купить;239285352;1722737097;4;2;50,00;12,30;8,70;10,20;3,70;15,00
2013;10;10;0;15;16;mimicry hamster;239285355;1722737099;2;0;0,00;3,80;3,80;2,60;0,30;15,00
2013;10;10;0;15;16;купить говорящего хомяка дешево;239285357;1722737138;3;0;0,00;68,80;68,80;52,10;37,10;15,00
2013;10;10;0;15;16;говорящий хомяк купить +в москве;239285360;1722737140;98;7;7,14;64,90;44,50;43,50;27,10;15,00
2013;10;10;0;15;16;игрушка повторюшка хомяк цена;239285363;1722737142;0;0;0,00;50,10;38,40;25,20;9,40;15,00
2013;10;10;0;15;16;интерактивная игрушка говорящий хомяк;239285366;1722737144;7;1;14,29;51,10;48,40;58,50;21,10;15,00
2013;10;10;0;15;16;где можно купить хомяка повторюшку;239285369;1722737146;0;0;0,00;45,80;27,20;20,40;13,50;15,00
2013;10;10;0;15;16;говорящий хомяк woodyotime купить;239285371;1722737147;3;1;33,33;69,70;53,30;50,60;13,30;15,00
2013;10;10;0;15;16;Интерактивный Хомяк;239285374;1722737149;21;1;4,76;11,00;11,00;10,20;3,10;15,00
2013;10;10;0;15;16;хомячок повторюшка купить;239285376;1722737151;4;0;0,00;43,40;43,40;25,50;13,10;15,00
2013;10;10;0;15;16;игрушка говорящий хомяк цена;239285379;1722737153;1;0;0,00;65,70;61,40;42,30;19,40;15,00
2013;10;10;0;15;16;хомяк повторюшка цена;239285382;1722737155;9;1;11,11;35,40;25,10;25,70;8,30;15,00
2013;10;10;0;15;16;хомяк повторюшка woodyotime;239285385;1722737157;0;0;0,00;23,80;23,80;20,40;6,30;15,00
2013;10;10;0;15;16;купить говорящего хомяка +в магазине;239285388;1722737159;1;0;0,00;94,90;81,00;125,60;41,50;15,00
2013;10;10;0;15;16;игрушка повторюшка хомяк купить;239285390;1722737160;0;0;0,00;42,60;42,60;30,60;15,40;15,00
2013;10;10;0;15;16;купить говорящего хомяка цена;239285392;1722737162;1;0;0,00;86,70;68,60;50,60;29,00;15,00
2013;10;10;0;15;16;хомяк повторюша купить;239285395;1722737164;0;0;0,00;9,20;4,30;4,60;1,30;15,00
2013;10;10;0;15;16;говорящий хомяк повторюшка купить;239285398;1722737166;1;0;0,00;101,50;61,50;42,00;21,90;15,00
2013;10;10;0;15;16;хомяк повторюшка купить +в магазине;239285401;1722737168;1;0;0,00;33,10;26,20;47,30;13,60;15,00
2013;10;10;0;15;16;игрушка говорящий хомяк;239285404;1722737170;34;1;2,94;43,30;43,30;39,50;17,90;15,00
2013;10;10;0;15;16;говорящий хомячок купить;239285407;1722737173;10;2;20,00;33,50;33,50;28,30;7,00;15,00
2013;10;10;0;15;16;Говорящий Хомячок;239285407;1722737174;20;1;5,00;32,30;32,30;22,90;6,50;15,00
2013;10;10;0;15;16;говорящий хомячок повторюшка;239285407;1722737172;7;0;0,00;33,60;29,30;32,10;12,00;15,00
2013;10;10;0;15;16;игрушка повторюшка хомяк;239285410;1722737176;20;1;5,00;42,90;42,90;25,50;15,40;15,00
2013;10;10;0;15;16;где купить хомяка повторюшку;239285412;1722737177;3;0;0,00;51,20;34,90;20,40;15,00;15,00
2013;10;10;0;15;16;Повторюша Хомяк;239285414;1722737179;2;1;50,00;10,00;5,50;8,90;1,10;15,00
2013;10;10;0;15;16;интерактивный хомяк повторюшка;239285417;1722737181;4;0;0,00;25,90;25,90;25,50;16,30;15,00
2013;10;10;0;15;16;интерактивная игрушка woodyotime говорящий хомяк;239285420;1722737183;0;0;0,00;52,70;44,80;58,50;32,40;15,00
2013;10;10;0;15;16;интерактивная игрушка хомяк повторюшка;239285423;1722737185;1;0;0,00;53,40;38,80;25,50;13,70;15,00
2013;10;10;0;15;16;купить интерактивную игрушку говорящий хомяк;239285426;1722737187;0;0;0,00;60,30;45,90;50,60;26,70;15,00
2013;10;10;0;15;16;купить интерактивного говорящего хомяка;239285428;1722737188;0;0;0,00;87,00;71,00;50,60;17,90;15,00
2013;10;10;0;15;16;Интерактивный Хомячок;239285430;1722737190;11;0;0,00;8,40;8,40;25,70;1,90;15,00
2013;10;10;0;15;16;интерактивная игрушка говорящий хомяк;239285433;1722737192;1;0;0,00;51,10;49,90;58,50;27,70;15,00
2013;10;10;0;15;16;хомяк повторюшка woody o time;239285436;1722737194;14;1;7,14;38,70;20,40;16,60;6,60;15,00
2013;10;10;0;15;16;говорящий хомяк москва;239285439;1722737196;24;0;0,00;51,80;51,80;50,90;16,00;15,00
2013;10;10;0;15;16;куплю говорящего хомяка;239285443;1722737237;68;4;5,88;83,10;83,10;50,60;29,80;15,00
2013;10;10;0;15;16;говорящий хомяк игрушка москва;239285445;1722737239;0;0;0,00;46,60;46,60;58,50;15,00;15,00
2013;10;10;0;15;16;говорящий хомяк интернет магазин;239285447;1722737242;15;2;13,33;33,40;23,00;26,20;10,90;15,00
2013;10;10;0;15;16;говорящий хомяк купить интернет магазин;239285447;1722737243;1;0;0,00;62,60;62,60;50,60;23,20;15,00
2013;10;10;0;15;16;магазин говорящий хомяк;239285447;1722737241;4;0;0,00;41,00;28,00;42,80;15,30;15,00
2013;10;10;0;15;16;говорящий хомяк купить недорого;239285450;1722737245;1;0;0,00;68,70;58,80;42,30;20,40;15,00
2013;10;10;0;15;16;игрушка хомячок говорящий;239285453;1722737247;3;0;0,00;45,80;26,90;22,40;5,90;15,00
2013;10;10;0;15;16;говорящий хомяк цена;239285456;1722737250;28;0;0,00;74,00;60,90;38,40;20,00;15,00
2013;10;10;0;15;16;говорящий хомяк цена москва;239285456;1722737249;2;0;0,00;53,20;50,60;38,40;14,50;15,00
2013;10;10;0;15;16;Разговаривающий Хомячок;239285460;1722737252;0;0;0,00;5,90;5,90;7,70;0,30;15,00
